YEAR,TEMPERATURE,CO2,RAINFALL
01-01-1961 00:00,24.9,0.032587507,0
01-02-1961 00:00,24.56,0.032587507,5.2
01-03-1961 00:00,27.62,0.032587507,0
01-04-1961 00:00,28.81,0.032587507,2.3
01-05-1961 00:00,27.79,0.032587507,182.2
01-06-1961 00:00,25.42,0.032587507,738
01-07-1961 00:00,24.24,0.032587507,1543.3
01-08-1961 00:00,25.22,0.032587507,712.6
01-09-1961 00:00,25.1,0.032587507,486.1
01-10-1961 00:00,25.27,0.032587507,248.9
01-11-1961 00:00,25.64,0.032587507,2.4
01-12-1961 00:00,24.64,0.032587507,0
01-01-1962 00:00,23.32,0.03585258,0.2
01-02-1962 00:00,25.48,0.03585258,0
01-03-1962 00:00,27.06,0.03585258,0.1
01-04-1962 00:00,28.39,0.03585258,0.7
01-05-1962 00:00,28.23,0.03585258,129.5
01-06-1962 00:00,26.63,0.03585258,435.5
01-07-1962 00:00,25.07,0.03585258,1355.1
01-08-1962 00:00,24.78,0.03585258,880.4
01-09-1962 00:00,25.12,0.03585258,525.9
01-10-1962 00:00,26.21,0.03585258,48.8
01-11-1962 00:00,25.3,0.03585258,12.8
01-12-1962 00:00,24.04,0.03585258,96.2
01-01-1963 00:00,24.68,0.03850551,0
01-02-1963 00:00,25.36,0.03850551,0.1
01-03-1963 00:00,27.4,0.03850551,0.1
01-04-1963 00:00,28.03,0.03850551,1.1
01-05-1963 00:00,28.72,0.03850551,7.6
01-06-1963 00:00,25.74,0.03850551,594.5
01-07-1963 00:00,25.19,0.03850551,1178.8
01-08-1963 00:00,24.48,0.03850551,1414.7
01-09-1963 00:00,25.39,0.03850551,306.3
01-10-1963 00:00,25.72,0.03850551,91.9
01-11-1963 00:00,26.14,0.03850551,11.7
01-12-1963 00:00,25.26,0.03850551,0
01-01-1964 00:00,23.7,0.037646859,0
01-02-1964 00:00,25.32,0.037646859,0
01-03-1964 00:00,27.44,0.037646859,0
01-04-1964 00:00,29.11,0.037646859,0.9
01-05-1964 00:00,28.98,0.037646859,5.2
01-06-1964 00:00,26.28,0.037646859,690.3
01-07-1964 00:00,24.83,0.037646859,908.3
01-08-1964 00:00,24.38,0.037646859,1031.8
01-09-1964 00:00,24.67,0.037646859,378.9
01-10-1964 00:00,25.26,0.037646859,158
01-11-1964 00:00,24.74,0.037646859,18.9
01-12-1964 00:00,23.7,0.037646859,0.4
01-01-1965 00:00,24.2,0.041476425,3.4
01-02-1965 00:00,24.83,0.041476425,0
01-03-1965 00:00,26.7,0.041476425,0
01-04-1965 00:00,28.28,0.041476425,5.7
01-05-1965 00:00,28.56,0.041476425,0.1
01-06-1965 00:00,25.99,0.041476425,817.6
01-07-1965 00:00,24.62,0.041476425,1393.7
01-08-1965 00:00,25.12,0.041476425,608.8
01-09-1965 00:00,25.54,0.041476425,147.5
01-10-1965 00:00,26.69,0.041476425,8.9
01-11-1965 00:00,26.5,0.041476425,2.2
01-12-1965 00:00,25.3,0.041476425,83.7
01-01-1966 00:00,24.58,0.04292431,0
01-02-1966 00:00,26.06,0.04292431,0
01-03-1966 00:00,27.48,0.04292431,0
01-04-1966 00:00,28.6,0.04292431,0.2
01-05-1966 00:00,28.21,0.04292431,64.7
01-06-1966 00:00,26.64,0.04292431,370
01-07-1966 00:00,25.38,0.04292431,1168.8
01-08-1966 00:00,25.59,0.04292431,224.1
01-09-1966 00:00,25.69,0.04292431,443.5
01-10-1966 00:00,26.38,0.04292431,43.9
01-11-1966 00:00,25.71,0.04292431,111.3
01-12-1966 00:00,24.51,0.04292431,1.1
01-01-1967 00:00,24.24,0.043042524,0
01-02-1967 00:00,25.45,0.043042524,0
01-03-1967 00:00,27.26,0.043042524,7.7
01-04-1967 00:00,29.17,0.043042524,0.8
01-05-1967 00:00,29.32,0.043042524,7.5
01-06-1967 00:00,26.74,0.043042524,768.9
01-07-1967 00:00,24.82,0.043042524,1109.2
01-08-1967 00:00,25.04,0.043042524,416.9
01-09-1967 00:00,25.27,0.043042524,317.1
01-10-1967 00:00,25.86,0.043042524,109.6
01-11-1967 00:00,25.65,0.043042524,0.7
01-12-1967 00:00,25.53,0.043042524,14
01-01-1968 00:00,23.91,0.046815274,0
01-02-1968 00:00,25.1,0.046815274,0.3
01-03-1968 00:00,27.32,0.046815274,0.1
01-04-1968 00:00,28.17,0.046815274,6
01-05-1968 00:00,28.52,0.046815274,1.5
01-06-1968 00:00,26.38,0.046815274,556.9
01-07-1968 00:00,24.78,0.046815274,1134.7
01-08-1968 00:00,25.15,0.046815274,318.7
01-09-1968 00:00,25.56,0.046815274,202.1
01-10-1968 00:00,25.74,0.046815274,130.4
01-11-1968 00:00,25.83,0.046815274,8.6
01-12-1968 00:00,24.9,0.046815274,0
01-01-1969 00:00,24.35,0.047662012,0
01-02-1969 00:00,25.84,0.047662012,0
01-03-1969 00:00,28.13,0.047662012,0
01-04-1969 00:00,29.45,0.047662012,1.1
01-05-1969 00:00,29.55,0.047662012,2.4
01-06-1969 00:00,26.64,0.047662012,666.5
01-07-1969 00:00,25.08,0.047662012,1282.2
01-08-1969 00:00,25.27,0.047662012,527.1
01-09-1969 00:00,24.86,0.047662012,586
01-10-1969 00:00,26.11,0.047662012,37.9
01-11-1969 00:00,26.3,0.047662012,23.2
01-12-1969 00:00,25.31,0.047662012,0.9
01-01-1970 00:00,24.63,0.048766254,0
01-02-1970 00:00,25.49,0.048766254,0
01-03-1970 00:00,27.07,0.048766254,0
01-04-1970 00:00,28.91,0.048766254,1.5
01-05-1970 00:00,28.51,0.048766254,74.5
01-06-1970 00:00,25.74,0.048766254,963.3
01-07-1970 00:00,25.05,0.048766254,993.8
01-08-1970 00:00,24.52,0.048766254,1164.8
01-09-1970 00:00,24.91,0.048766254,312.7
01-10-1970 00:00,25.79,0.048766254,85.8
01-11-1970 00:00,25.37,0.048766254,0
01-12-1970 00:00,23.46,0.048766254,0.2
01-01-1971 00:00,23.92,0.051446675,0
01-02-1971 00:00,25.2,0.051446675,0
01-03-1971 00:00,27.23,0.051446675,0
01-04-1971 00:00,29.18,0.051446675,0.3
01-05-1971 00:00,28.53,0.051446675,85.1
01-06-1971 00:00,25.27,0.051446675,1011.9
01-07-1971 00:00,25.02,0.051446675,650.8
01-08-1971 00:00,24.81,0.051446675,602
01-09-1971 00:00,25.56,0.051446675,362.6
01-10-1971 00:00,25.18,0.051446675,40.4
01-11-1971 00:00,24.92,0.051446675,0.9
01-12-1971 00:00,24.16,0.051446675,0
01-01-1972 00:00,23.97,0.054440499,0
01-02-1972 00:00,24.49,0.054440499,0.1
01-03-1972 00:00,27.5,0.054440499,0
01-04-1972 00:00,28.77,0.054440499,0.6
01-05-1972 00:00,28.5,0.054440499,10.7
01-06-1972 00:00,27.55,0.054440499,662
01-07-1972 00:00,25.41,0.054440499,731.6
01-08-1972 00:00,25.43,0.054440499,293.9
01-09-1972 00:00,26.21,0.054440499,138.8
01-10-1972 00:00,27.03,0.054440499,8.5
01-11-1972 00:00,25.88,0.054440499,26.8
01-12-1972 00:00,25.71,0.054440499,0
01-01-1973 00:00,24.47,0.056063414,0
01-02-1973 00:00,26.29,0.056063414,0.4
01-03-1973 00:00,27.78,0.056063414,0
01-04-1973 00:00,29.91,0.056063414,0
01-05-1973 00:00,29.7,0.056063414,3.1
01-06-1973 00:00,26.5,0.056063414,455.9
01-07-1973 00:00,25.22,0.056063414,922.1
01-08-1973 00:00,24.57,0.056063414,910.6
01-09-1973 00:00,25.25,0.056063414,437.4
01-10-1973 00:00,25.98,0.056063414,103.6
01-11-1973 00:00,25.47,0.056063414,2.9
01-12-1973 00:00,24.89,0.056063414,0.2
01-01-1974 00:00,24.36,0.057974989,0.7
01-02-1974 00:00,25.75,0.057974989,0
01-03-1974 00:00,28.24,0.057974989,0
01-04-1974 00:00,29.4,0.057974989,6.8
01-05-1974 00:00,28.35,0.057974989,73.9
01-06-1974 00:00,26.05,0.057974989,508.2
01-07-1974 00:00,25.16,0.057974989,1133
01-08-1974 00:00,24.84,0.057974989,774.4
01-09-1974 00:00,25.54,0.057974989,351.1
01-10-1974 00:00,25.27,0.057974989,238.6
01-11-1974 00:00,24.52,0.057974989,0
01-12-1974 00:00,23.84,0.057974989,0
01-01-1975 00:00,24.01,0.063025178,0
01-02-1975 00:00,25.49,0.063025178,0.1
01-03-1975 00:00,27.22,0.063025178,0
01-04-1975 00:00,29.26,0.063025178,1
01-05-1975 00:00,28.48,0.063025178,13.6
01-06-1975 00:00,25.87,0.063025178,856.9
01-07-1975 00:00,24.64,0.063025178,1027
01-08-1975 00:00,24.67,0.063025178,848
01-09-1975 00:00,25.05,0.063025178,556
01-10-1975 00:00,25.29,0.063025178,192.7
01-11-1975 00:00,24.39,0.063025178,20.2
01-12-1975 00:00,23.53,0.063025178,0
01-01-1976 00:00,23.24,0.065920033,0
01-02-1976 00:00,24.88,0.065920033,0
01-03-1976 00:00,27.8,0.065920033,1.6
01-04-1976 00:00,28.1,0.065920033,0.4
01-05-1976 00:00,28.45,0.065920033,4.5
01-06-1976 00:00,26.1,0.065920033,635.1
01-07-1976 00:00,25.1,0.065920033,1279.2
01-08-1976 00:00,24.97,0.065920033,690.1
01-09-1976 00:00,25.51,0.065920033,360.7
01-10-1976 00:00,27.04,0.065920033,20.3
01-11-1976 00:00,26.75,0.065920033,71
01-12-1976 00:00,25.43,0.065920033,0
01-01-1977 00:00,24.35,0.069734936,0
01-02-1977 00:00,26,0.069734936,0
01-03-1977 00:00,28.45,0.069734936,0.8
01-04-1977 00:00,28.86,0.069734936,1.3
01-05-1977 00:00,28.57,0.069734936,10.3
01-06-1977 00:00,26.52,0.069734936,583
01-07-1977 00:00,24.96,0.069734936,1384.6
01-08-1977 00:00,25.29,0.069734936,580.5
01-09-1977 00:00,25.59,0.069734936,386.9
01-10-1977 00:00,26.45,0.069734936,77
01-11-1977 00:00,26.6,0.069734936,78.8
01-12-1977 00:00,24.3,0.069734936,0.2
01-01-1978 00:00,24.6,0.070745707,0
01-02-1978 00:00,25.05,0.070745707,0
01-03-1978 00:00,26.87,0.070745707,0
01-04-1978 00:00,28.72,0.070745707,8.3
01-05-1978 00:00,28.69,0.070745707,86.6
01-06-1978 00:00,25.29,0.070745707,946.2
01-07-1978 00:00,24.69,0.070745707,907.2
01-08-1978 00:00,24.73,0.070745707,575.4
01-09-1978 00:00,24.94,0.070745707,243
01-10-1978 00:00,26.28,0.070745707,67.2
01-11-1978 00:00,26.33,0.070745707,48.8
01-12-1978 00:00,25.53,0.070745707,2.8
01-01-1979 00:00,25.11,0.074193141,0
01-02-1979 00:00,24.98,0.074193141,0.7
01-03-1979 00:00,27.53,0.074193141,0.1
01-04-1979 00:00,29.07,0.074193141,0
01-05-1979 00:00,28.91,0.074193141,0.3
01-06-1979 00:00,27.01,0.074193141,653.1
01-07-1979 00:00,25.42,0.074193141,797.2
01-08-1979 00:00,24.91,0.074193141,687.2
01-09-1979 00:00,25.68,0.074193141,266.5
01-10-1979 00:00,26.52,0.074193141,26.8
01-11-1979 00:00,26.35,0.074193141,77.3
01-12-1979 00:00,25.35,0.074193141,0
01-01-1980 00:00,24.55,0.078472651,0
01-02-1980 00:00,26.14,0.078472651,0
01-03-1980 00:00,27.7,0.078472651,0
01-04-1980 00:00,29.37,0.078472651,3.5
01-05-1980 00:00,29.78,0.078472651,2.9
01-06-1980 00:00,25.85,0.078472651,877.7
01-07-1980 00:00,25.32,0.078472651,749.9
01-08-1980 00:00,24.76,0.078472651,851.8
01-09-1980 00:00,25.61,0.078472651,166.4
01-10-1980 00:00,26.73,0.078472651,20.7
01-11-1980 00:00,26.41,0.078472651,26.1
01-12-1980 00:00,24.4,0.078472651,25.2
01-01-1981 00:00,24.08,0.08467565,0.6
01-02-1981 00:00,25.78,0.08467565,0
01-03-1981 00:00,27.63,0.08467565,0
01-04-1981 00:00,28.92,0.08467565,0.1
01-05-1981 00:00,29.2,0.08467565,4.2
01-06-1981 00:00,25.98,0.08467565,773.9
01-07-1981 00:00,25.3,0.08467565,1073
01-08-1981 00:00,24.77,0.08467565,708.6
01-09-1981 00:00,25.57,0.08467565,480.6
01-10-1981 00:00,26.25,0.08467565,59.1
01-11-1981 00:00,25.33,0.08467565,24.5
01-12-1981 00:00,24.83,0.08467565,0.1
01-01-1982 00:00,24.5,0.087374399,0
01-02-1982 00:00,25.86,0.087374399,0
01-03-1982 00:00,27.33,0.087374399,0
01-04-1982 00:00,28.53,0.087374399,0
01-05-1982 00:00,29.1,0.087374399,14.5
01-06-1982 00:00,26.72,0.087374399,558.4
01-07-1982 00:00,25.44,0.087374399,987.1
01-08-1982 00:00,25.03,0.087374399,810.8
01-09-1982 00:00,25.38,0.087374399,216.3
01-10-1982 00:00,26.87,0.087374399,42.1
01-11-1982 00:00,25.85,0.087374399,69.6
01-12-1982 00:00,25.15,0.087374399,0
01-01-1983 00:00,24.34,0.094629405,0
01-02-1983 00:00,24.53,0.094629405,0
01-03-1983 00:00,26.97,0.094629405,0
01-04-1983 00:00,28.4,0.094629405,0.3
01-05-1983 00:00,29.53,0.094629405,0.4
01-06-1983 00:00,27.61,0.094629405,655.3
01-07-1983 00:00,25.71,0.094629405,1073.2
01-08-1983 00:00,25.12,0.094629405,1331.2
01-09-1983 00:00,25.15,0.094629405,638.8
01-10-1983 00:00,25.74,0.094629405,102.4
01-11-1983 00:00,24.59,0.094629405,9.7
01-12-1983 00:00,25.14,0.094629405,3.2
01-01-1984 00:00,24.65,0.096990925,0
01-02-1984 00:00,26.35,0.096990925,0.2
01-03-1984 00:00,28.1,0.096990925,0.1
01-04-1984 00:00,29.05,0.096990925,0.9
01-05-1984 00:00,29.93,0.096990925,0.3
01-06-1984 00:00,26.02,0.096990925,728
01-07-1984 00:00,24.9,0.096990925,1090.5
01-08-1984 00:00,24.83,0.096990925,421.4
01-09-1984 00:00,25.2,0.096990925,220.5
01-10-1984 00:00,25.67,0.096990925,118.7
01-11-1984 00:00,25.51,0.096990925,2.9
01-12-1984 00:00,25.13,0.096990925,0.3
01-01-1985 00:00,25.29,0.106625779,0
01-02-1985 00:00,25.69,0.106625779,0
01-03-1985 00:00,28.47,0.106625779,0
01-04-1985 00:00,28.95,0.106625779,0.4
01-05-1985 00:00,29.17,0.106625779,23.3
01-06-1985 00:00,25.54,0.106625779,1000
01-07-1985 00:00,24.96,0.106625779,921.3
01-08-1985 00:00,24.83,0.106625779,663.1
01-09-1985 00:00,25.75,0.106625779,153.1
01-10-1985 00:00,25.28,0.106625779,204.8
01-11-1985 00:00,25.51,0.106625779,2.5
01-12-1985 00:00,25.6,0.106625779,0
01-01-1986 00:00,24.44,0.114347225,0
01-02-1986 00:00,25.12,0.114347225,0
01-03-1986 00:00,28.2,0.114347225,0
01-04-1986 00:00,29.48,0.114347225,0.1
01-05-1986 00:00,29.43,0.114347225,1
01-06-1986 00:00,26.64,0.114347225,777.2
01-07-1986 00:00,25.59,0.114347225,543.2
01-08-1986 00:00,24.78,0.114347225,670.9
01-09-1986 00:00,25.98,0.114347225,65
01-10-1986 00:00,26.81,0.114347225,15.6
01-11-1986 00:00,26.18,0.114347225,53.6
01-12-1986 00:00,25.13,0.114347225,1
01-01-1987 00:00,24.98,0.122071419,0
01-02-1987 00:00,25.48,0.122071419,0
01-03-1987 00:00,27.33,0.122071419,0
01-04-1987 00:00,29.4,0.122071419,0.6
01-05-1987 00:00,29.39,0.122071419,9
01-06-1987 00:00,26.65,0.122071419,612
01-07-1987 00:00,26.04,0.122071419,832.2
01-08-1987 00:00,25.8,0.122071419,835.6
01-09-1987 00:00,26.59,0.122071419,149.3
01-10-1987 00:00,26.43,0.122071419,166.8
01-11-1987 00:00,26.28,0.122071419,20.2
01-12-1987 00:00,25.35,0.122071419,9.3
01-01-1988 00:00,24.89,0.131838233,0
01-02-1988 00:00,26.31,0.131838233,0
01-03-1988 00:00,27.71,0.131838233,0
01-04-1988 00:00,29.1,0.131838233,4.3
01-05-1988 00:00,29.83,0.131838233,1.3
01-06-1988 00:00,26.6,0.131838233,506.1
01-07-1988 00:00,25.18,0.131838233,1432.1
01-08-1988 00:00,25.17,0.131838233,664.4
01-09-1988 00:00,25.49,0.131838233,617.9
01-10-1988 00:00,26.08,0.131838233,66.9
01-11-1988 00:00,25.53,0.131838233,0
01-12-1988 00:00,24.77,0.131838233,0
01-01-1989 00:00,24.66,0.144694174,0
01-02-1989 00:00,25.72,0.144694174,0
01-03-1989 00:00,27.09,0.144694174,0.6
01-04-1989 00:00,28.85,0.144694174,1
01-05-1989 00:00,29.13,0.144694174,4
01-06-1989 00:00,25.74,0.144694174,733.1
01-07-1989 00:00,25.24,0.144694174,943
01-08-1989 00:00,24.62,0.144694174,704.9
01-09-1989 00:00,24.98,0.144694174,300.5
01-10-1989 00:00,26.12,0.144694174,80.7
01-11-1989 00:00,26.24,0.144694174,3.6
01-12-1989 00:00,24.97,0.144694174,0
01-01-1990 00:00,24.98,0.154726738,0
01-02-1990 00:00,25.56,0.154726738,0
01-03-1990 00:00,26.79,0.154726738,0.1
01-04-1990 00:00,28.88,0.154726738,0
01-05-1990 00:00,28.34,0.154726738,193.9
01-06-1990 00:00,26.02,0.154726738,802.1
01-07-1990 00:00,24.89,0.154726738,873.7
01-08-1990 00:00,24.57,0.154726738,1164.2
01-09-1990 00:00,25.25,0.154726738,323.2
01-10-1990 00:00,26.06,0.154726738,190
01-11-1990 00:00,25.8,0.154726738,20.8
01-12-1990 00:00,25.34,0.154726738,0
01-01-1991 00:00,24.8,0.164481639,0
01-02-1991 00:00,25.68,0.164481639,0
01-03-1991 00:00,27.76,0.164481639,0
01-04-1991 00:00,29.01,0.164481639,6.4
01-05-1991 00:00,29.53,0.164481639,14.7
01-06-1991 00:00,26.61,0.164481639,759.2
01-07-1991 00:00,24.78,0.164481639,1461.4
01-08-1991 00:00,24.84,0.164481639,598.8
01-09-1991 00:00,25.89,0.164481639,92.7
01-10-1991 00:00,26.3,0.164481639,20.3
01-11-1991 00:00,26.14,0.164481639,0.8
01-12-1991 00:00,24.31,0.164481639,0.3
01-01-1992 00:00,23.88,0.174702061,0
01-02-1992 00:00,24.78,0.174702061,0
01-03-1992 00:00,27.56,0.174702061,0
01-04-1992 00:00,28.79,0.174702061,0
01-05-1992 00:00,28.78,0.174702061,6.2
01-06-1992 00:00,26.78,0.174702061,493
01-07-1992 00:00,25.46,0.174702061,822.9
01-08-1992 00:00,24.86,0.174702061,1093.1
01-09-1992 00:00,25.7,0.174702061,343.4
01-10-1992 00:00,25.85,0.174702061,79
01-11-1992 00:00,26.09,0.174702061,2.8
01-12-1992 00:00,24.21,0.174702061,0
01-01-1993 00:00,24.43,0.18085191,0
01-02-1993 00:00,25.16,0.18085191,0
01-03-1993 00:00,27.02,0.18085191,0.6
01-04-1993 00:00,28.75,0.18085191,0.1
01-05-1993 00:00,29.44,0.18085191,11.4
01-06-1993 00:00,26.98,0.18085191,587.7
01-07-1993 00:00,25.19,0.18085191,1394.1
01-08-1993 00:00,25.35,0.18085191,648.7
01-09-1993 00:00,25.12,0.18085191,597.2
01-10-1993 00:00,26.04,0.18085191,227.6
01-11-1993 00:00,26.26,0.18085191,9.4
01-12-1993 00:00,24.62,0.18085191,4
01-01-1994 00:00,24.93,0.191106239,1.3
01-02-1994 00:00,25.2,0.191106239,0
01-03-1994 00:00,28.28,0.191106239,0
01-04-1994 00:00,28.47,0.191106239,12.5
01-05-1994 00:00,29.5,0.191106239,11.7
01-06-1994 00:00,25.89,0.191106239,784.8
01-07-1994 00:00,24.96,0.191106239,1168.5
01-08-1994 00:00,25.17,0.191106239,654.4
01-09-1994 00:00,25.32,0.191106239,406.5
01-10-1994 00:00,25.98,0.191106239,137.9
01-11-1994 00:00,25.71,0.191106239,2.2
01-12-1994 00:00,24,0.191106239,0
01-01-1995 00:00,23.64,0.20280937,3.5
01-02-1995 00:00,25.66,0.20280937,0
01-03-1995 00:00,27.47,0.20280937,0
01-04-1995 00:00,29.15,0.20280937,3.3
01-05-1995 00:00,28.9,0.20280937,15.3
01-06-1995 00:00,27.41,0.20280937,345.9
01-07-1995 00:00,25.27,0.20280937,1171.2
01-08-1995 00:00,25.76,0.20280937,606.5
01-09-1995 00:00,26.1,0.20280937,419.5
01-10-1995 00:00,26.16,0.20280937,196.5
01-11-1995 00:00,25.63,0.20280937,4.4
01-12-1995 00:00,25.05,0.20280937,0
01-01-1996 00:00,25.06,0.220492819,0.1
01-02-1996 00:00,26.09,0.220492819,0
01-03-1996 00:00,28.43,0.220492819,0
01-04-1996 00:00,28.96,0.220492819,0.6
01-05-1996 00:00,29.51,0.220492819,1.4
01-06-1996 00:00,26.71,0.220492819,535.7
01-07-1996 00:00,25.34,0.220492819,1232
01-08-1996 00:00,25.08,0.220492819,594.6
01-09-1996 00:00,25.63,0.220492819,308.4
01-10-1996 00:00,25.44,0.220492819,245.9
01-11-1996 00:00,25.8,0.220492819,1.2
01-12-1996 00:00,24.6,0.220492819,0.9
01-01-1997 00:00,24.09,0.229329503,2.6
01-02-1997 00:00,24.51,0.229329503,0
01-03-1997 00:00,27.76,0.229329503,0.8
01-04-1997 00:00,28.18,0.229329503,1.8
01-05-1997 00:00,29.31,0.229329503,0.2
01-06-1997 00:00,26.82,0.229329503,757.9
01-07-1997 00:00,25.84,0.229329503,1072.6
01-08-1997 00:00,25.25,0.229329503,847.6
01-09-1997 00:00,26.33,0.229329503,215.2
01-10-1997 00:00,27.14,0.229329503,21.8
01-11-1997 00:00,26.98,0.229329503,47.1
01-12-1997 00:00,25.75,0.229329503,59.6
01-01-1998 00:00,25.3,0.23396182,0
01-02-1998 00:00,25.62,0.23396182,0
01-03-1998 00:00,27.71,0.23396182,0
01-04-1998 00:00,30,0.23396182,0
01-05-1998 00:00,30.39,0.23396182,9.7
01-06-1998 00:00,27.33,0.23396182,671.3
01-07-1998 00:00,25.93,0.23396182,909.1
01-08-1998 00:00,25.99,0.23396182,758.3
01-09-1998 00:00,25.54,0.23396182,561.8
01-10-1998 00:00,25.82,0.23396182,280
01-11-1998 00:00,25.8,0.23396182,44.3
01-12-1998 00:00,24.68,0.23396182,0.1
01-01-1999 00:00,23.97,0.248842052,0
01-02-1999 00:00,26.56,0.248842052,0
01-03-1999 00:00,28.21,0.248842052,0
01-04-1999 00:00,28.94,0.248842052,0
01-05-1999 00:00,27.8,0.248842052,67.1
01-06-1999 00:00,25.74,0.248842052,978.7
01-07-1999 00:00,25.03,0.248842052,1105.1
01-08-1999 00:00,25.49,0.248842052,283.7
01-09-1999 00:00,25.71,0.248842052,297.1
01-10-1999 00:00,26.29,0.248842052,179.7
01-11-1999 00:00,25.99,0.248842052,0.7
01-12-1999 00:00,24.84,0.248842052,0
01-01-2000 00:00,25.38,0.25786018,1.2
01-02-2000 00:00,24.95,0.25786018,0
01-03-2000 00:00,27.09,0.25786018,0
01-04-2000 00:00,29.29,0.25786018,0.9
01-05-2000 00:00,28.15,0.25786018,190.3
01-06-2000 00:00,26,0.25786018,739.4
01-07-2000 00:00,24.85,0.25786018,1200.4
01-08-2000 00:00,25.07,0.25786018,789.5
01-09-2000 00:00,26.09,0.25786018,111.9
01-10-2000 00:00,26.26,0.25786018,91.8
01-11-2000 00:00,26.17,0.25786018,1.6
01-12-2000 00:00,24.46,0.25786018,6.2
01-01-2001 00:00,24.93,0.260184128,5.6
01-02-2001 00:00,25.94,0.260184128,0
01-03-2001 00:00,27.18,0.260184128,0
01-04-2001 00:00,29.01,0.260184128,2.8
01-05-2001 00:00,29.06,0.260184128,59.6
01-06-2001 00:00,26.58,0.260184128,540.1
01-07-2001 00:00,25.32,0.260184128,873.4
01-08-2001 00:00,25.1,0.260184128,611.3
01-09-2001 00:00,26.11,0.260184128,207.9
01-10-2001 00:00,25.99,0.260184128,91.6
01-11-2001 00:00,26.66,0.260184128,3.1
01-12-2001 00:00,25.25,0.260184128,0
01-01-2002 00:00,24.44,0.263459282,0
01-02-2002 00:00,26.39,0.263459282,0
01-03-2002 00:00,28.32,0.263459282,0.1
01-04-2002 00:00,29.64,0.263459282,2.8
01-05-2002 00:00,29.74,0.263459282,9.4
01-06-2002 00:00,26.58,0.263459282,942
01-07-2002 00:00,26.25,0.263459282,452.8
01-08-2002 00:00,25.12,0.263459282,834.5
01-09-2002 00:00,26,0.263459282,217.1
01-10-2002 00:00,26.75,0.263459282,75.3
01-11-2002 00:00,26.39,0.263459282,3
01-12-2002 00:00,25.13,0.263459282,0.3
01-01-2003 00:00,25.37,0.274789445,0.5
01-02-2003 00:00,26.64,0.274789445,0.6
01-03-2003 00:00,28.28,0.274789445,0.8
01-04-2003 00:00,29.29,0.274789445,1.2
01-05-2003 00:00,29.81,0.274789445,11.2
01-06-2003 00:00,27.4,0.274789445,865.3
01-07-2003 00:00,25.72,0.274789445,1013.9
01-08-2003 00:00,25.81,0.274789445,593.7
01-09-2003 00:00,25.75,0.274789445,298.7
01-10-2003 00:00,26.55,0.274789445,54.4
01-11-2003 00:00,26.84,0.274789445,1.9
01-12-2003 00:00,24.87,0.274789445,0
01-01-2004 00:00,24.56,0.288464633,0
01-02-2004 00:00,26.01,0.288464633,0
01-03-2004 00:00,28.69,0.288464633,0
01-04-2004 00:00,29.1,0.288464633,10.4
01-05-2004 00:00,28.21,0.288464633,46.9
01-06-2004 00:00,26.18,0.288464633,678.6
01-07-2004 00:00,25.45,0.288464633,902.3
01-08-2004 00:00,25.04,0.288464633,1011.5
01-09-2004 00:00,25.53,0.288464633,293.3
01-10-2004 00:00,25.91,0.288464633,32.9
01-11-2004 00:00,26.44,0.288464633,10.2
01-12-2004 00:00,24.71,0.288464633,0
01-01-2005 00:00,24.82,0.305518527,1.3
01-02-2005 00:00,25.86,0.305518527,0.1
01-03-2005 00:00,27.37,0.305518527,1.9
01-04-2005 00:00,28.83,0.305518527,4
01-05-2005 00:00,29.46,0.305518527,9.8
01-06-2005 00:00,26.99,0.305518527,730.2
01-07-2005 00:00,25.4,0.305518527,1340.9
01-08-2005 00:00,25.23,0.305518527,772.2
01-09-2005 00:00,25.23,0.305518527,678.8
01-10-2005 00:00,25.83,0.305518527,76.5
01-11-2005 00:00,25.4,0.305518527,0
01-12-2005 00:00,24.6,0.305518527,0.1
01-01-2006 00:00,25.11,0.325799005,0
01-02-2006 00:00,25.98,0.325799005,0
01-03-2006 00:00,27.3,0.325799005,9.9
01-04-2006 00:00,28.7,0.325799005,0
01-05-2006 00:00,28.76,0.325799005,211.8
01-06-2006 00:00,26.38,0.325799005,683.1
01-07-2006 00:00,25.72,0.325799005,1066.2
01-08-2006 00:00,25.19,0.325799005,886.4
01-09-2006 00:00,25.78,0.325799005,399.9
01-10-2006 00:00,26.42,0.325799005,202.4
01-11-2006 00:00,26.57,0.325799005,22.5
01-12-2006 00:00,24.95,0.325799005,0
01-01-2007 00:00,25,0.351761061,0
01-02-2007 00:00,25.5,0.351761061,0
01-03-2007 00:00,28.01,0.351761061,0.1
01-04-2007 00:00,29.46,0.351761061,3.3
01-05-2007 00:00,29.37,0.351761061,33.4
01-06-2007 00:00,26.52,0.351761061,939.3
01-07-2007 00:00,25.74,0.351761061,841.3
01-08-2007 00:00,25.27,0.351761061,980.2
01-09-2007 00:00,25.27,0.351761061,609
01-10-2007 00:00,26.31,0.351761061,45.6
01-11-2007 00:00,25.5,0.351761061,16
01-12-2007 00:00,25.32,0.351761061,0.1
01-01-2008 00:00,24.35,0.391938054,0
01-02-2008 00:00,25,0.391938054,0.1
01-03-2008 00:00,27.1,0.391938054,31.5
01-04-2008 00:00,28.56,0.391938054,0.3
01-05-2008 00:00,28.98,0.391938054,11.1
01-06-2008 00:00,26.38,0.391938054,798.5
01-07-2008 00:00,25.8,0.391938054,766.6
01-08-2008 00:00,25.13,0.391938054,833.1
01-09-2008 00:00,25.39,0.391938054,551.2
01-10-2008 00:00,26.63,0.391938054,57.3
01-11-2008 00:00,26.29,0.391938054,0.9
01-12-2008 00:00,25.53,0.391938054,2.4
01-01-2009 00:00,25.05,0.434487563,0
01-02-2009 00:00,26.38,0.434487563,0
01-03-2009 00:00,28.24,0.434487563,0.3
01-04-2009 00:00,29.59,0.434487563,0.1
01-05-2009 00:00,29.38,0.434487563,5.6
01-06-2009 00:00,26.79,0.434487563,330.6
01-07-2009 00:00,25.28,0.434487563,1271.2
01-08-2009 00:00,25.96,0.434487563,292.9
01-09-2009 00:00,25.8,0.434487563,387.5
01-10-2009 00:00,26.03,0.434487563,307.4
01-11-2009 00:00,26.23,0.434487563,121
01-12-2009 00:00,25.57,0.434487563,0
01-01-2010 00:00,25.25,0.429750778,2.7
01-02-2010 00:00,26.23,0.429750778,0
01-03-2010 00:00,28.46,0.429750778,0
01-04-2010 00:00,29.91,0.429750778,1.5
01-05-2010 00:00,30.18,0.429750778,8.2
01-06-2010 00:00,27.04,0.429750778,680.8
01-07-2010 00:00,25.15,0.429750778,1405.3
01-08-2010 00:00,25.37,0.429750778,850
01-09-2010 00:00,25.54,0.429750778,531.3
01-10-2010 00:00,25.97,0.429750778,190.2
01-11-2010 00:00,26.21,0.429750778,106.7
01-12-2010 00:00,24.28,0.429750778,1.4
01-01-2011 00:00,24.2,0.460259927,0
01-02-2011 00:00,25.13,0.460259927,0
01-03-2011 00:00,27.9,0.460259927,0
01-04-2011 00:00,28.42,0.460259927,3.4
01-05-2011 00:00,29.15,0.460259927,1.1
01-06-2011 00:00,26.36,0.460259927,857
01-07-2011 00:00,25.04,0.460259927,1384.1
01-08-2011 00:00,25.29,0.460259927,987.9
01-09-2011 00:00,25.62,0.460259927,468.3
01-10-2011 00:00,26.71,0.460259927,120.3
01-11-2011 00:00,26.34,0.460259927,3.1
01-12-2011 00:00,25.26,0.460259927,0
01-01-2012 00:00,24.22,0.504424104,0
01-02-2012 00:00,25.75,0.504424104,0
01-03-2012 00:00,27.33,0.504424104,0
01-04-2012 00:00,28.97,0.504424104,0.6
01-05-2012 00:00,29.17,0.504424104,1.1
01-06-2012 00:00,26.85,0.504424104,633
01-07-2012 00:00,25.88,0.504424104,928.5
01-08-2012 00:00,25.64,0.504424104,762.5
01-09-2012 00:00,25.85,0.504424104,515.3
01-10-2012 00:00,26.56,0.504424104,175.1
01-11-2012 00:00,25.96,0.504424104,2.3
01-12-2012 00:00,25.77,0.504424104,0
